{
  "swagger": "2.0",
  "info": {
    "title": "Remote SIM Provisioning Capability",
    "version": "20190910",
    "license": {
      "name": "OCF Data Model License",
      "url": "https://github.com/openconnectivityfoundation/core/blob/e28a9e0a92e17042ba3e83661e4c0fbce8bdc4ba/LICENSE.md",
      "x-copyright": "Copyright 2018-2019 Open Connectivity Foundation, Inc. All rights reserved."
    },
    "termsOfService": "https://openconnectivityfoundation.github.io/core/DISCLAIMER.md"
  },
  "schemes": ["http"],
  "consumes": ["application/json"],
  "produces": ["application/json"],
  "paths": {
    "/RSPCapabilityResURI" : {
      "get": {
        "description": "RSPCapability Resource stores information to help a service provider to provide appropriate cellular plans to an end user.\n",
        "parameters": [
          {"$ref": "#/parameters/interface-all"}
        ],
        "responses": {
          "200": {
            "description" : "",
            "x-example":
              {
                "euiccinfo": "vyJ7gQMCAACCAwICAYMDQQEFhAyBAQCCAwVJQIMCFkWFBAV/NuCGAwkCAIcDAgMAiAIEkKkWBBRmWhQz1nwaLF24tSyWfxCgV7pcsqoWBBRmWhQz1nwaLF24tSyWfxCgV7pcsosBAgQDAQAADBAxMDAwMDAwMDAwMDAwMDAw",
                "deviceinfo" : "oDCABBI0VnihKIADAQIDgQMCAwSCAwMEBYMDBAUGhAMFBgeFAwYHCIYDBwgJhwMICQo="
              },
            "schema": { "$ref": "#/definitions/RSPCapability" }
          }
        }
      }
    }
  },
  "parameters": {
    "interface-all" : {
      "in" : "query",
      "name" : "if",
      "type" : "string",
      "enum" : ["oic.if.r", "oic.if.baseline"]
    }
  },
  "definitions": {
    "RSPCapability" : {
      "properties": {
        "rt" : {
          "description": "Resource Type of the Resource",
          "items": {
            "enum": ["oic.r.rspcapability"],
            "type": "string",
            "maxLength": 64
          },
          "minItems": 1,
          "uniqueItems": true,
          "readOnly": true,
          "type": "array"
        },
        "euiccinfo" : {
          "description": "Indicates information of eUICC. This information is returned from LPA as ASN.1 DER encoded binary data format, and base64 encoding is used to convert to JSON.",
          "type": "string",
          "maxLength": 256
        },
        "deviceinfo" : {
          "description": "Indicates device information used for the Profile download and installation procedure. This information is returned from LPA as ASN.1 DER encoded binary data format, and base64 encoding is used to convert to JSON.",
          "type": "string",
          "maxLength": 256
        },
        "n" : {
          "$ref": "https://openconnectivityfoundation.github.io/core/schemas/oic.common.properties.core-schema.json#/definitions/n"
        },
        "id" : {
          "$ref": "https://openconnectivityfoundation.github.io/core/schemas/oic.common.properties.core-schema.json#/definitions/id"
        },
        "if" : {
          "description": "The OCF Interfaces supported by this Resource",
          "items": {
            "enum": [
              "oic.if.r",
              "oic.if.baseline"
            ],
            "type": "string",
            "maxLength": 64
          },
          "minItems": 2,
          "uniqueItems": true,
          "readOnly": true,
          "type": "array"
        }
      },
      "type" : "object",
      "required":["euiccinfo", "deviceinfo"]
    }
  }
}